Järnstedt Teppo / SDP / Kaakkois-Suomen vaalipiiri;1657;5460.400
Vainionpää Ville / Muutos2011 / Keski-Suomen vaalipiiri;14;43.000
Holm Pauliina / KOK / Keski-Suomen vaalipiiri;703;2825.143
Isoviita Pekka / KTP / Satakunnan vaalipiiri;14;25.667
Autto Heikki / KOK / Lapin vaalipiiri;6262;10155.000
Peltonen Tuula / SDP / Keski-Suomen vaalipiiri;1281;5742.000
Kilpeläinen Antti / KESK / Uudenmaan vaalipiiri;450;2489.542
Mykkänen Kai / KOK / Uudenmaan vaalipiiri;5260;17822.000
Mäkisalo-Ropponen Merja / SDP / Savo-Karjalan vaalipiiri;4899;34629.000
Savala Tero / SDP / Satakunnan vaalipiiri;195;1973.643
Immonen Satu / Piraattip. / Helsingin vaalipiiri;64;319.938
Berschewsky Mitol / Piraattip. / Helsingin vaalipiiri;21;243.762
Andersson Niklas / RKP / Uudenmaan vaalipiiri;529;3802.286
Hölttä Harri / VIHR / Savo-Karjalan vaalipiiri;559;1824.875
Axell May-Gret / KD / Vaasan vaalipiiri;255;1279.636
Mannila Marko / VIHR / Pirkanmaan vaalipiiri;101;1501.947
Nivala Eija / KESK / Oulun vaalipiiri;4476;10658.100
Mäki Sebastian / Piraattip. / Varsinais-Suomen vaalipiiri;316;669.333
Pulla Sari / SDP / Pirkanmaan vaalipiiri;2173;7745.714
Ryhänen Osmo Eerik / KTP / Pirkanmaan vaalipiiri;40;61.500
