[
   {
      "district": "Kaakkois-Suomen vaalipiiri",
      "name": "J\u00c3\u00a4rnstedt Teppo",
      "party": "SDP",
      "quotient": 5460.4,
      "votes": 1657
   },
   {
      "district": "Keski-Suomen vaalipiiri",
      "name": "Vainionp\u00c3\u00a4\u00c3\u00a4 Ville",
      "party": "Muutos2011",
      "quotient": 43.0,
      "votes": 14
   },
   {
      "district": "Keski-Suomen vaalipiiri",
      "name": "Holm Pauliina",
      "party": "KOK",
      "quotient": 2825.143,
      "votes": 703
   },
   {
      "district": "Satakunnan vaalipiiri",
      "name": "Isoviita Pekka",
      "party": "KTP",
      "quotient": 25.667,
      "votes": 14
   },
   {
      "district": "Lapin vaalipiiri",
      "name": "Autto Heikki",
      "party": "KOK",
      "quotient": 10155.0,
      "votes": 6262
   },
   {
      "district": "Keski-Suomen vaalipiiri",
      "name": "Peltonen Tuula",
      "party": "SDP",
      "quotient": 5742.0,
      "votes": 1281
   },
   {
      "district": "Uudenmaan vaalipiiri",
      "name": "Kilpel\u00c3\u00a4inen Antti",
      "party": "KESK",
      "quotient": 2489.542,
      "votes": 450
   },
   {
      "district": "Uudenmaan vaalipiiri",
      "name": "Mykk\u00c3\u00a4nen Kai",
      "party": "KOK",
      "quotient": 17822.0,
      "votes": 5260
   },
   {
      "district": "Savo-Karjalan vaalipiiri",
      "name": "M\u00c3\u00a4kisalo-Ropponen Merja",
      "party": "SDP",
      "quotient": 34629.0,
      "votes": 4899
   },
   {
      "district": "Satakunnan vaalipiiri",
      "name": "Savala Tero",
      "party": "SDP",
      "quotient": 1973.643,
      "votes": 195
   },
   {
      "district": "Helsingin vaalipiiri",
      "name": "Immonen Satu",
      "party": "Piraattip.",
      "quotient": 319.938,
      "votes": 64
   },
   {
      "district": "Helsingin vaalipiiri",
      "name": "Berschewsky Mitol",
      "party": "Piraattip.",
      "quotient": 243.762,
      "votes": 21
   },
   {
      "district": "Uudenmaan vaalipiiri",
      "name": "Andersson Niklas",
      "party": "RKP",
      "quotient": 3802.286,
      "votes": 529
   },
   {
      "district": "Savo-Karjalan vaalipiiri",
      "name": "H\u00c3\u00b6ltt\u00c3\u00a4 Harri",
      "party": "VIHR",
      "quotient": 1824.875,
      "votes": 559
   },
   {
      "district": "Vaasan vaalipiiri",
      "name": "Axell May-Gret",
      "party": "KD",
      "quotient": 1279.636,
      "votes": 255
   },
   {
      "district": "Pirkanmaan vaalipiiri",
      "name": "Mannila Marko",
      "party": "VIHR",
      "quotient": 1501.947,
      "votes": 101
   },
   {
      "district": "Oulun vaalipiiri",
      "name": "Nivala Eija",
      "party": "KESK",
      "quotient": 10658.1,
      "votes": 4476
   },
   {
      "district": "Varsinais-Suomen vaalipiiri",
      "name": "M\u00c3\u00a4ki Sebastian",
      "party": "Piraattip.",
      "quotient": 669.333,
      "votes": 316
   },
   {
      "district": "Pirkanmaan vaalipiiri",
      "name": "Pulla Sari",
      "party": "SDP",
      "quotient": 7745.714,
      "votes": 2173
   },
   {
      "district": "Pirkanmaan vaalipiiri",
      "name": "Ryh\u00c3\u00a4nen Osmo Eerik",
      "party": "KTP",
      "quotient": 61.5,
      "votes": 40
   }
]